Workbook

Sheet Painel
A1: Painel de cobertura e ponto de pedido
A4: Premissas
A5: Margem de atenção (1,2 = 20%) | B5: 1.2
A6: Cobertura desejada (dias) | B6: 30
A8: Resumo de situação
A9: Pedir agora | B9: =COUNTIF($J$14:$J$23,A9) -> 3
A10: Atenção | B10: =COUNTIF($J$14:$J$23,A10) -> 3
A11: OK | B11: =COUNTIF($J$14:$J$23,A11) -> 4
A13: Material (fictício) | B13: Tipo | C13: Estoque disponível | D13: Unid. | E13: Consumo por dia | F13: Lead time (dias) | G13: Estoque de segurança | H13: Cobertura (dias) | I13: Ponto de pedido | J13: Situação | K13: Folga (dias) | L13: Quantidade sugerida a pedir
A14: Princípio ativo Alfa | B14: Princípio ativo | C14: 80 | D14: kg | E14: 5 | F14: 30 | G14: 10 | H14: =IF(E14>0,C14/E14,"") -> 16 | I14: =E14*F14+G14 -> 160 | J14: =IF(C14<I14,"Pedir agora",IF(C14<I14*$B$5,"Atenção","OK")) -> Pedir agora | K14: =IF(H14="","",H14-F14) -> -14 | L14: =IF(J14="Pedir agora",MAX(0,E14*(F14+$B$6)+G14-C14),0) -> 230
A15: Princípio ativo Beta | B15: Princípio ativo | C15: 45 | D15: kg | E15: 3 | F15: 20 | G15: 6 | H15: =IF(E15>0,C15/E15,"") -> 15 | I15: =E15*F15+G15 -> 66 | J15: =IF(C15<I15,"Pedir agora",IF(C15<I15*$B$5,"Atenção","OK")) -> Pedir agora | K15: =IF(H15="","",H15-F15) -> -5 | L15: =IF(J15="Pedir agora",MAX(0,E15*(F15+$B$6)+G15-C15),0) -> 111
A16: Filme blister | B16: Embalagem | C16: 160 | D16: kg | E16: 6 | F16: 25 | G16: 12 | H16: =IF(E16>0,C16/E16,"") -> 26.666667 | I16: =E16*F16+G16 -> 162 | J16: =IF(C16<I16,"Pedir agora",IF(C16<I16*$B$5,"Atenção","OK")) -> Pedir agora | K16: =IF(H16="","",H16-F16) -> 1.6666667 | L16: =IF(J16="Pedir agora",MAX(0,E16*(F16+$B$6)+G16-C16),0) -> 182
A17: Excipiente celulose | B17: Excipiente | C17: 200 | D17: kg | E17: 10 | F17: 15 | G17: 20 | H17: =IF(E17>0,C17/E17,"") -> 20 | I17: =E17*F17+G17 -> 170 | J17: =IF(C17<I17,"Pedir agora",IF(C17<I17*$B$5,"Atenção","OK")) -> Atenção | K17: =IF(H17="","",H17-F17) -> 5 | L17: =IF(J17="Pedir agora",MAX(0,E17*(F17+$B$6)+G17-C17),0) -> 0
A18: Cartonagem Alfa | B18: Embalagem | C18: 8000 | D18: un | E18: 500 | F18: 15 | G18: 500 | H18: =IF(E18>0,C18/E18,"") -> 16 | I18: =E18*F18+G18 -> 8000 | J18: =IF(C18<I18,"Pedir agora",IF(C18<I18*$B$5,"Atenção","OK")) -> Atenção | K18: =IF(H18="","",H18-F18) -> 1 | L18: =IF(J18="Pedir agora",MAX(0,E18*(F18+$B$6)+G18-C18),0) -> 0
A19: Corante | B19: Excipiente | C19: 38 | D19: kg | E19: 1 | F19: 30 | G19: 3 | H19: =IF(E19>0,C19/E19,"") -> 38 | I19: =E19*F19+G19 -> 33 | J19: =IF(C19<I19,"Pedir agora",IF(C19<I19*$B$5,"Atenção","OK")) -> Atenção | K19: =IF(H19="","",H19-F19) -> 8 | L19: =IF(J19="Pedir agora",MAX(0,E19*(F19+$B$6)+G19-C19),0) -> 0
A20: Excipiente amido | B20: Excipiente | C20: 350 | D20: kg | E20: 8 | F20: 10 | G20: 16 | H20: =IF(E20>0,C20/E20,"") -> 43.75 | I20: =E20*F20+G20 -> 96 | J20: =IF(C20<I20,"Pedir agora",IF(C20<I20*$B$5,"Atenção","OK")) -> OK | K20: =IF(H20="","",H20-F20) -> 33.75 | L20: =IF(J20="Pedir agora",MAX(0,E20*(F20+$B$6)+G20-C20),0) -> 0
A21: Cartonagem Beta | B21: Embalagem | C21: 12000 | D21: un | E21: 300 | F21: 15 | G21: 600 | H21: =IF(E21>0,C21/E21,"") -> 40 | I21: =E21*F21+G21 -> 5100 | J21: =IF(C21<I21,"Pedir agora",IF(C21<I21*$B$5,"Atenção","OK")) -> OK | K21: =IF(H21="","",H21-F21) -> 25 | L21: =IF(J21="Pedir agora",MAX(0,E21*(F21+$B$6)+G21-C21),0) -> 0
A22: Bula Alfa | B22: Embalagem | C22: 15000 | D22: un | E22: 500 | F22: 20 | G22: 1000 | H22: =IF(E22>0,C22/E22,"") -> 30 | I22: =E22*F22+G22 -> 11000 | J22: =IF(C22<I22,"Pedir agora",IF(C22<I22*$B$5,"Atenção","OK")) -> OK | K22: =IF(H22="","",H22-F22) -> 10 | L22: =IF(J22="Pedir agora",MAX(0,E22*(F22+$B$6)+G22-C22),0) -> 0
A23: Caixa de embarque | B23: Embalagem | C23: 900 | D23: un | E23: 40 | F23: 10 | G23: 80 | H23: =IF(E23>0,C23/E23,"") -> 22.5 | I23: =E23*F23+G23 -> 480 | J23: =IF(C23<I23,"Pedir agora",IF(C23<I23*$B$5,"Atenção","OK")) -> OK | K23: =IF(H23="","",H23-F23) -> 12.5 | L23: =IF(J23="Pedir agora",MAX(0,E23*(F23+$B$6)+G23-C23),0) -> 0
A25: Notas
A26: 1. Todos os dados de estoque, consumo, lead time e segurança são inventados para estudo (texto azul).
A27: 2. Quantidade sugerida = consumo × (lead time + cobertura desejada) + segurança − estoque. Só é calculada para 'Pedir agora'.
A28: 3. A margem de atenção (1,2) e a cobertura desejada (30 dias) são premissas deste painel. Altere-as e veja a situação mudar.
A29: 4. Não considera pedidos em aberto, material em trânsito, quarentena, perdas nem lote mínimo de compra.
A30: Leitura do gráfico: onde a barra azul (cobertura) fica abaixo da laranja (lead time), o material acaba antes de a reposição chegar.
A31: 5. As linhas estão ordenadas por situação (pedir, atenção, OK) para os dados atuais. Se você alterar os dados, a ordem não se refaz sozinha.

Sheet Leia-me
B2: Painel de cobertura e ponto de pedido de materiais
B3: Projeto de estudo em planejamento de materiais (PCP), com dados totalmente fictícios
B5: Pergunta que o painel responde | C5: Quais materiais correm risco de faltar antes de a reposição chegar, e quanto pedir agora?
B6: Dados | C6: Fictícios. Nenhum valor, código, nome de material ou fornecedor vem de empresa real. Os nomes dos campos seguem os conceitos usados no planejamento de materiais do SAP (estoque, ponto de reabastecimento, estoque de segurança, prazo de entrega).
B7: Como usar | C7: Abra a aba Painel. Os números em azul são dados que você pode alterar; o restante é calculado por fórmulas e muda sozinho. A aba Passo a passo explica as contas com a primeira linha do painel.
B8: Conceito 1: Cobertura | C8: Por quantos dias o estoque dura no ritmo atual. Cobertura = estoque disponível ÷ consumo por dia.
B9: Conceito 2: Ponto de pedido | C9: Nível de estoque em que o pedido deve ser feito. Ponto de pedido = consumo por dia × lead time + estoque de segurança. Abaixo dele, a reposição já está atrasada.
B10: Conceito 3: Situação | C10: Pedir agora: estoque abaixo do ponto de pedido. Atenção: estoque acima do ponto, mas até a margem de atenção (padrão: 20% acima). OK: estoque confortável.
B11: Folga | C11: Cobertura − lead time. Negativa significa que o material acaba antes de a reposição chegar.
B12: Limitações (de propósito) | C12: O painel ignora pedidos já em aberto e material em trânsito, perdas de processo, lote mínimo de compra, sazonalidade e materiais em quarentena. Na prática, o analista confere essas informações antes de pedir.
B13: Legenda de cores | C13: Texto azul: dado de entrada que pode ser alterado. Texto preto: fórmula. Células com fundo creme: premissas do painel.

Sheet Passo a passo
B2: Passo a passo: como cada número do painel é calculado
B3: Exemplo com a primeira linha do painel (Princípio ativo Alfa, fictício). Se você trocar os dados dessa linha, tudo aqui se atualiza.
B5: Passo | C5: Conta | D5: Resultado | E5: O que significa
B6: 1. Cobertura | C6: =Painel!C14&" ÷ "&Painel!E14 -> 80 ÷ 5 | D6: =Painel!H14 -> 16 | E6: Por quantos dias o estoque dura se o consumo continuar no ritmo atual.
B7: 2. Ponto de pedido | C7: =Painel!E14&" × "&Painel!F14&" + "&Painel!G14 -> 5 × 30 + 10 | D7: =Painel!I14 -> 160 | E7: Estoque em que o pedido já deveria ter saído: o que se consome durante a espera do fornecedor, mais a folga de segurança.
B8: 3. Situação | C8: =Painel!C14&IF(Painel!C14<Painel!I14," < "," ≥ ")&Painel!I14 -> 80 < 160 | D8: =Painel!J14 -> Pedir agora | E8: Compara o estoque com o ponto de pedido. Abaixo dele, é 'Pedir agora'.
B9: 4. Folga | C9: =TEXT(Painel!H14,"0.0")&" − "&Painel!F14 -> 16 − 30 | D9: =Painel!K14 -> -14 | E9: Cobertura menos lead time. Negativa: o material acaba antes de a reposição chegar.
B10: 5. Quantidade sugerida | C10: =Painel!E14&" × ("&Painel!F14&" + "&Painel!B6&") + "&Painel!G14&" − "&Painel!C14 -> 5 × (30 + 30) + 10 − 80 | D10: =Painel!L14 -> 230 | E10: Quanto pedir para cobrir a espera, mais os dias de cobertura desejados depois da chegada, mais a segurança, descontando o que já existe.
B13: Prática
B14: 1. Pegue o Filme blister (linha 16 do Painel) e refaça à mão cobertura, ponto de pedido e situação. Confira com a planilha.
B15: 2. Por que o Filme blister aparece como 'Pedir agora' se a cobertura (26,7 dias) é maior que o lead time (25 dias)? Dica: olhe o estoque de segurança.
B16: 3. Mude a margem de atenção de 1,2 para 1,5 e observe quais materiais mudam de OK para Atenção.
B17: 4. Duplique o lead time do Princípio ativo Beta e veja como o ponto de pedido e a folga reagem.
